round_epochs,val_loss,val_acc,val_precision,val_recall,val_f1_score1,loss,acc,precision,recall,f1_score1,output_dim,batch_size,epochs,dropout,activation
3,0.7040854146266728,0.6474638898219685,0.6181513226028252,0.5877234676679509,0.5983123992528137,0.4496433281294386,0.789879067088972,0.7767124870755026,0.7619018733175351,0.7655091745655028,128,64,3,0.1,<function relu at 0x000001625DDC6158>
