round_epochs,val_loss,val_acc,val_precision,val_recall,val_f1_score1,loss,acc,precision,recall,f1_score1,output_dim,batch_size,epochs,dropout,activation
3,0.6763553636503332,0.640913671481357,0.5969811530172484,0.618874268600674,0.6028581801220039,0.4313746160092012,0.7987330837892312,0.7864101293483111,0.7695493217575904,0.7736343860008378,100,64,3,0.2,<function relu at 0x0000016317533E18>
3,0.7135655212350287,0.6316761840779308,0.5874837017475778,0.6121926174734037,0.5946186960724564,0.4158609711639894,0.8111862942700835,0.7986846727697436,0.7825344787562508,0.7866924121576876,128,64,3,0.1,<function relu at 0x0000016317533E18>
