round_epochs,val_loss,val_acc,val_precision,val_recall,val_f1_score1,loss,acc,precision,recall,f1_score1,output_dim,batch_size,epochs,dropout,activation
3,0.6853793004854918,0.6399059455828014,0.5988495781552203,0.629508746002679,0.6102767370273332,0.41826126814798154,0.8131298589116038,0.8058081952495119,0.7867635764479809,0.7917945250598492,100,64,3,0.1,<function tanh at 0x0000016317533EA0>
3,8.712886145301502,0.45314074571716495,0.4534766543500168,1.0,0.6215148857867594,8.635650360718126,0.45832133602073133,0.45832133602073133,0.9999999999656755,0.6261884556820988,128,64,3,0.1,<function relu at 0x0000016317533E18>
3,0.636005927041188,0.6639234128317097,0.6413861201599936,0.5900475707356867,0.6102961233529541,0.5323989136123602,0.7450331125827815,0.755576879309537,0.6631480777706429,0.6995479412700819,128,64,3,0.2,<function relu at 0x0000016317533E18>
3,0.6976320646330338,0.6194155189788377,0.5731501475171751,0.6346986803946016,0.5988973566938816,0.4270644549193521,0.8068672617333718,0.8000195666465435,0.7757232940543669,0.7831678016965615,100,64,3,0.2,<function tanh at 0x0000016317533EA0>
