round_epochs,val_loss,val_acc,val_precision,val_recall,val_f1_score1,loss,acc,precision,recall,f1_score1,output_dim,batch_size,epochs,dropout,activation
3,8.771793138992878,0.44961370507222037,0.4499496137050722,1.000335908552765,0.617559819042102,8.602370034505338,0.4604088684134754,0.4604088684134754,0.9999999999656755,0.6274355756955019,100,64,3,0.1,<function relu at 0x000001625DDC6158>
3,0.6756130318974823,0.6538461538461539,0.614404449576614,0.6151459161411166,0.6092714027826682,0.45364986163135773,0.7869277281888857,0.7852289203673455,0.7444016384591021,0.7599707008300581,128,64,3,0.1,<function relu at 0x000001625DDC6158>
