round_epochs,val_loss,val_acc,val_precision,val_recall,val_f1_score1,loss,acc,precision,recall,f1_score1,output_dim,batch_size,epochs,dropout,activation
3,0.6647873402522801,0.6034598589183742,0.5850383289556276,0.46110628561802186,0.5114667961010406,0.6721747133150383,0.5848689893463864,0.5867155311844241,0.42680341382037656,0.4485494767061201,100,64,3,0.1,<function tanh at 0x0000028D906961E0>
