round_epochs,val_loss,val_acc,val_precision,val_recall,val_f1_score1,loss,acc,precision,recall,f1_score1,output_dim,batch_size,epochs,dropout,activation
3,0.7737982019526789,0.6303325495465233,0.6252791209232098,0.49495357641406534,0.5479248028334892,0.3933661368732112,0.8232076014972646,0.8187024299363187,0.7914750816977886,0.8002650655555066,100,64,3,0.1,<function relu at 0x00000258282E3E18>
3,0.7597325383555701,0.6318441383943567,0.6388810720866585,0.46627274971501637,0.5335744928304565,0.4035132435018241,0.8168730204434207,0.8063648477810246,0.7935536242066835,0.7965978008335343,128,64,3,0.2,<function tanh at 0x00000258282E3EA0>
