round_epochs,val_loss,val_acc,val_precision,val_recall,val_f1_score1,loss,acc,precision,recall,f1_score1,output_dim,batch_size,epochs,dropout,activation
3,0.6602235930375216,0.6140409808532079,0.643142638328214,0.3420829656422839,0.4410587993491445,0.6467560360660273,0.6279153469622805,0.6355075877027899,0.5105719337056975,0.5331366851801423,128,64,3,0.1,<function tanh at 0x00000202A03B61E0>
