round_epochs,val_loss,val_acc,val_precision,val_recall,val_f1_score1,loss,acc,precision,recall,f1_score1,output_dim,batch_size,epochs,dropout,activation
3,0.6970509224223097,0.6461202552905609,0.6363918466539162,0.5417085349019197,0.5797933643201393,0.45212871066876253,0.7849121796717535,0.7760225491190108,0.7417971458003941,0.7543975602746388,100,64,3,0.1,<function relu at 0x000001FAE9ED5158>
