round_epochs,val_loss,val_acc,val_precision,val_recall,val_f1_score1,loss,acc,precision,recall,f1_score1,output_dim,batch_size,epochs,dropout,activation
3,0.6588029088812224,0.6054753107154854,0.6749221172195015,0.2429798574386766,0.35091517247487364,0.6547207320556838,0.61243881370573,0.6238718510635161,0.4810116313185501,0.4989238201524969,128,64,3,0.1,<function tanh at 0x00000202A03B61E0>
