round_epochs,val_loss,val_acc,val_precision,val_recall,val_f1_score1,loss,acc,precision,recall,f1_score1,output_dim,batch_size,epochs,dropout,activation
3,0.6695619572278113,0.5930466912999665,0.5945119085350331,0.3286008595779593,0.41763434501794666,0.6717101249714046,0.5825655053268068,0.5819137502121644,0.41612425332381064,0.43577054193580733,100,64,3,0.1,<function tanh at 0x0000028D906961E0>
