round_epochs,val_loss,val_acc,val_precision,val_recall,val_f1_score1,loss,acc,precision,recall,f1_score1,output_dim,batch_size,epochs,dropout,activation
3,0.7940949879118689,0.6321800470272086,0.5952148498366013,0.601453108998966,0.5947074292888969,0.38911346341634806,0.8217679239850274,0.8187413818033703,0.7960313002863433,0.8022893005957907,128,64,3,0.1,<function relu at 0x00000258282E3E18>
3,0.7606024012935614,0.643432986227746,0.610804819524148,0.5987048166727996,0.6008191081474081,0.4096817056126324,0.8090267780017276,0.8046011011366401,0.778700461828362,0.7870199582331674,100,64,3,0.2,<function relu at 0x00000258282E3E18>
