round_epochs,val_loss,val_acc,val_precision,val_recall,val_f1_score1,loss,acc,precision,recall,f1_score1,output_dim,batch_size,epochs,dropout,activation
3,0.7496784556560722,0.6202552905609674,0.5957865953685695,0.5543466897310328,0.5704713244145053,0.4220635706809286,0.8050676648430751,0.7915398234631807,0.776967052592347,0.7800577950175543,128,64,3,0.1,<function tanh at 0x0000024B93D42EA0>
3,0.7276786258447319,0.6140409808532079,0.5707707169634967,0.6630800226049453,0.6098707158732902,0.4203730045530592,0.8090987618773394,0.7974601880707042,0.7795674123305462,0.7846648078674615,128,64,3,0.2,<function relu at 0x0000024B93D42E18>
