,Accuracy,F1_score,Precision,Recall
0,0.8934638640944429,0.8850681583372688,0.8536672559211482,0.9253819383532795
