,Accuracy,F1_score,Precision,Recall
0,0.8679095882522315,0.8578448937634655,0.8332708697822916,0.8926344959597885
