,Accuracy,F1_score,Precision,Recall
0,0.801468471062482,0.7664701366781537,0.8087763643868883,0.7403695526622126
