round_epochs,val_loss,val_acc,val_precision,val_recall,val_f1_score1,loss,acc,precision,recall,f1_score1,output_dim,batch_size,epochs,dropout,activation
3,0.6888620787352414,0.6380584481021162,0.5835666723767102,0.6635676276015082,0.6168441993500668,0.43913892327692267,0.7934782608695652,0.7830120720679362,0.7646760264185777,0.7694293001080466,128,64,3,0.1,<function relu at 0x0000026018D16158>
