,Accuracy,F1_score,Precision,Recall
0,0.8842499280161243,0.8600527413152941,0.9304110124136575,0.8081733822101754
