round_epochs,val_loss,val_acc,val_precision,val_recall,val_f1_score1,loss,acc,precision,recall,f1_score1,output_dim,batch_size,epochs,dropout,activation
3,0.6485881873093318,0.6390661737003461,0.5985914770892934,0.6765328977265773,0.6335123385564569,0.5546651115995507,0.7260293695070611,0.7129722949135657,0.674775389594576,0.6911243597265969,32,128,3,0.6,<function relu at 0x0000012BDEBA1E18>
3,0.7065851477356137,0.6550218340611353,0.6484497808392992,0.5676261951829669,0.6004923355030781,0.4322448224387044,0.7996688741721855,0.7889684522800682,0.7714396366083138,0.775519678134792,128,64,3,0.6,<function relu at 0x0000012BDEBA1E18>
3,0.7005369783969465,0.6514947931358868,0.6683041309205165,0.49770532456828237,0.568544663496373,0.44399247033397643,0.7929023899504818,0.7779495470845799,0.7710296320547949,0.7717122505077051,100,128,3,0.2,<function relu at 0x0000012BDEBA1E18>
2,0.6246704211521757,0.6706415854887471,0.6619875455887717,0.5941285340626608,0.6220367551450566,0.5529687496794083,0.7189029657356752,0.7116140547658194,0.6601938687859163,0.6769912548721472,32,64,2,0.4,<function tanh at 0x0000012BDEBA1EA0>
