,Accuracy,F1_score,Precision,Recall
0,0.46638353008926,0.6099920261500035,0.46055493988429236,0.924023519631871
