round_epochs,val_loss,val_acc,val_precision,val_recall,val_f1_score1,loss,acc,precision,recall,f1_score1,output_dim,batch_size,epochs,dropout,activation
3,0.7133942705935425,0.6491434329862278,0.6252658643056211,0.5608928681300878,0.5877535706964723,0.46425975814114173,0.7821048085228909,0.765613455268515,0.7670862871736263,0.7606926565722227,128,64,3,0.1,<function relu at 0x0000026018D16158>
3,8.707530915436827,0.45364460866644274,0.4539805172992946,1.000335908552765,0.6223126518514118,8.587451354317043,0.4613446587964296,0.4613446587964296,0.9999999999656755,0.6287769670878437,100,64,3,0.1,<function relu at 0x0000026018D16158>
