,Accuracy,F1_score,Precision,Recall
0,0.5051108551684422,0.4094250045401405,0.4488073023207209,0.39166558415272584
