,Accuracy,F1_score,Precision,Recall
0,0.48315577310682406,0.4913476466823647,0.45043937072882967,0.5608256691441974
