,Accuracy,F1_score,Precision,Recall
0,0.4994241289951051,0.4453296257033322,0.44970030950051443,0.45649609492280246
