round_epochs,val_loss,val_acc,val_precision,val_recall,val_f1_score1,loss,acc,precision,recall,f1_score1,output_dim,batch_size,epochs,dropout,activation
3,0.7289085627993682,0.63873026536782,0.5983221568154696,0.645144202423288,0.6184967480572351,0.4210995103667251,0.8089547941261157,0.7997809939243044,0.7753659876354688,0.7839008301642385,128,64,3,0.2,<function relu at 0x0000024B93D42E18>
3,0.7332458416407326,0.6491434329862278,0.6430064605553357,0.5250786514061186,0.5749835826464055,0.420410571294321,0.8100345522602936,0.7974236850741271,0.7835026871667209,0.7866836059103772,100,64,3,0.1,<function tanh at 0x0000024B93D42EA0>
3,0.6931359420637176,0.6429291232784683,0.6243493406813457,0.5506788813351063,0.5825976347779123,0.4321749269910824,0.8031241002015549,0.7884274655928916,0.7764998540526812,0.7784340304906863,100,64,3,0.2,<function tanh at 0x0000024B93D42EA0>
3,0.6959151868546694,0.636210950621431,0.6131755260160636,0.5552377806119884,0.5801618454998517,0.4233991673450596,0.8069392456089836,0.7974319838839101,0.7762531315665955,0.7820166835275535,128,64,3,0.1,<function tanh at 0x0000024B93D42EA0>
